case,run,result,gc_mode,allocated_bytes,copied_bytes,max_residency_bytes,mut_elapsed_s,total_elapsed_s
data/satlib/uf20-91/uf20-01.cnf,1,SAT,nonmoving,1441600,9120,1076128,0.001,0.012
data/satlib/uf20-91/uf20-01.cnf,2,SAT,nonmoving,1441600,9120,1076128,0.001,0.011
data/satlib/uf20-91/uf20-01.cnf,3,SAT,nonmoving,1441600,9120,1076128,0.000,0.011
data/satlib/uf20-91/uf20-01.cnf,4,SAT,nonmoving,1441600,9120,1076128,0.001,0.012
data/satlib/uf20-91/uf20-01.cnf,5,SAT,nonmoving,1441600,9120,1076128,0.001,0.012
data/satlib/uf20-91/uf20-01.cnf,6,SAT,nonmoving,1441600,9120,1076128,0.001,0.012
data/satlib/uf20-91/uf20-01.cnf,7,SAT,nonmoving,1441600,9120,1076128,0.001,0.012
data/satlib/uf20-91/uf20-01.cnf,8,SAT,nonmoving,1441600,9120,1076128,0.001,0.013
data/satlib/uf20-91/uf20-01.cnf,9,SAT,nonmoving,1441600,9120,1076128,0.001,0.010
data/satlib/uf20-91/uf20-01.cnf,10,SAT,nonmoving,1441600,9120,1076128,0.001,0.011
data/satlib/uf20-91/uf20-01.cnf,11,SAT,nonmoving,1441600,9120,1076128,0.001,0.013
data/satlib/uf20-91/uf20-01.cnf,12,SAT,nonmoving,1441600,9120,1076128,0.001,0.011
data/satlib/uf20-91/uf20-01.cnf,13,SAT,nonmoving,1441600,9120,1076128,0.001,0.013
data/satlib/uf20-91/uf20-01.cnf,14,SAT,nonmoving,1441600,9120,1076128,0.001,0.012
data/satlib/uf20-91/uf20-01.cnf,15,SAT,nonmoving,1441600,9120,1076128,0.001,0.013
data/satlib/uf20-91/uf20-01.cnf,16,SAT,nonmoving,1441600,9120,1076128,0.001,0.016
data/satlib/uf20-91/uf20-01.cnf,17,SAT,nonmoving,1441600,9120,1076128,0.001,0.012
data/satlib/uf20-91/uf20-01.cnf,18,SAT,nonmoving,1441600,9120,1076128,0.001,0.012
data/satlib/uf20-91/uf20-01.cnf,19,SAT,nonmoving,1441600,9120,1076128,0.001,0.012
data/satlib/uf20-91/uf20-01.cnf,20,SAT,nonmoving,1441600,9120,1076128,0.001,0.012
data/satlib/uf20-91/uf20-01.cnf,21,SAT,nonmoving,1441600,9120,1076128,0.001,0.012
data/satlib/uf100-430/uf100-01.cnf,1,SAT,nonmoving,142861920,526432,1187128,0.021,0.025
data/satlib/uf100-430/uf100-01.cnf,2,SAT,nonmoving,142861920,526776,1187128,0.019,0.024
data/satlib/uf100-430/uf100-01.cnf,3,SAT,nonmoving,142861920,525680,1187128,0.034,0.038
data/satlib/uf100-430/uf100-01.cnf,4,SAT,nonmoving,142861920,526432,1187128,0.020,0.024
data/satlib/uf100-430/uf100-01.cnf,5,SAT,nonmoving,142861920,526432,1187128,0.020,0.023
data/satlib/uf100-430/uf100-01.cnf,6,SAT,nonmoving,142861920,526512,1187128,0.019,0.022
data/satlib/uf100-430/uf100-01.cnf,7,SAT,nonmoving,142861920,525848,1187128,0.019,0.025
data/satlib/uf100-430/uf100-01.cnf,8,SAT,nonmoving,142861920,525864,1187128,0.019,0.023
data/satlib/uf100-430/uf100-01.cnf,9,SAT,nonmoving,142861920,526440,1187128,0.019,0.024
data/satlib/uf100-430/uf100-01.cnf,10,SAT,nonmoving,142861920,526160,1187128,0.019,0.024
data/satlib/uf100-430/uf100-01.cnf,11,SAT,nonmoving,142861920,525864,1187128,0.019,0.023
data/satlib/uf100-430/uf100-01.cnf,12,SAT,nonmoving,142861920,525864,1187128,0.019,0.034
data/satlib/uf100-430/uf100-01.cnf,13,SAT,nonmoving,142861920,526440,1187128,0.019,0.024
data/satlib/uf100-430/uf100-01.cnf,14,SAT,nonmoving,142861920,525864,1187128,0.020,0.023
data/satlib/uf100-430/uf100-01.cnf,15,SAT,nonmoving,142861920,526776,1187128,0.019,0.023
data/satlib/uf100-430/uf100-01.cnf,16,SAT,nonmoving,142861920,526696,1187128,0.027,0.037
data/satlib/uf100-430/uf100-01.cnf,17,SAT,nonmoving,142861920,526656,1187128,0.034,0.047
data/satlib/uf100-430/uf100-01.cnf,18,SAT,nonmoving,142861920,525480,1187128,0.025,0.036
data/satlib/uf100-430/uf100-01.cnf,19,SAT,nonmoving,142861920,526816,1187128,0.025,0.035
data/satlib/uf100-430/uf100-01.cnf,20,SAT,nonmoving,142861920,526432,1187128,0.019,0.023
data/satlib/uf100-430/uf100-01.cnf,21,SAT,nonmoving,142861920,526376,1187128,0.020,0.023
data/satlib/flat200-479/flat200-1.cnf,1,SAT,nonmoving,217212144,5401984,1927688,0.028,0.036
data/satlib/flat200-479/flat200-1.cnf,2,SAT,nonmoving,217212144,5396768,1927688,0.029,0.038
data/satlib/flat200-479/flat200-1.cnf,3,SAT,nonmoving,217212144,5401984,1927688,0.028,0.036
data/satlib/flat200-479/flat200-1.cnf,4,SAT,nonmoving,217212144,5401984,1927688,0.036,0.050
data/satlib/flat200-479/flat200-1.cnf,5,SAT,nonmoving,217212144,5399584,1927688,0.034,0.047
data/satlib/flat200-479/flat200-1.cnf,6,SAT,nonmoving,217212144,5396648,1927688,0.107,0.137
data/satlib/flat200-479/flat200-1.cnf,7,SAT,nonmoving,217212144,5401984,1927688,0.107,0.127
data/satlib/flat200-479/flat200-1.cnf,8,SAT,nonmoving,217212144,5400720,1927688,0.038,0.048
data/satlib/flat200-479/flat200-1.cnf,9,SAT,nonmoving,217212144,5399384,1927688,0.038,0.046
data/satlib/flat200-479/flat200-1.cnf,10,SAT,nonmoving,217212144,5401984,1927688,0.034,0.046
data/satlib/flat200-479/flat200-1.cnf,11,SAT,nonmoving,217212144,5401984,1927688,0.030,0.048
data/satlib/flat200-479/flat200-1.cnf,12,SAT,nonmoving,217212144,5401984,1927688,0.034,0.046
data/satlib/flat200-479/flat200-1.cnf,13,SAT,nonmoving,217212144,5401904,1927688,0.032,0.046
data/satlib/flat200-479/flat200-1.cnf,14,SAT,nonmoving,217212144,5401984,1927688,0.048,0.062
data/satlib/flat200-479/flat200-1.cnf,15,SAT,nonmoving,217212144,5396848,1927688,0.031,0.047
data/satlib/flat200-479/flat200-1.cnf,16,SAT,nonmoving,217212144,5401984,1927688,0.033,0.048
data/satlib/flat200-479/flat200-1.cnf,17,SAT,nonmoving,217212144,5401984,1927688,0.030,0.046
data/satlib/flat200-479/flat200-1.cnf,18,SAT,nonmoving,217212144,5396848,1927688,0.030,0.046
data/satlib/flat200-479/flat200-1.cnf,19,SAT,nonmoving,217212144,5396768,1927688,0.031,0.046
data/satlib/flat200-479/flat200-1.cnf,20,SAT,nonmoving,217212144,5401984,1927688,0.033,0.045
data/satlib/flat200-479/flat200-1.cnf,21,SAT,nonmoving,217212144,5396808,1927688,0.030,0.037
data/satlib/Bejing/3blocks.cnf,1,SAT,nonmoving,164447920,37434832,16533696,0.023,0.072
data/satlib/Bejing/3blocks.cnf,2,SAT,nonmoving,164447920,37430000,15167656,0.025,0.070
data/satlib/Bejing/3blocks.cnf,3,SAT,nonmoving,164447920,37429992,15167656,0.024,0.071
data/satlib/Bejing/3blocks.cnf,4,SAT,nonmoving,164447920,37429992,15167656,0.038,0.090
data/satlib/Bejing/3blocks.cnf,5,SAT,nonmoving,164447920,37434832,16533696,0.039,0.108
data/satlib/Bejing/3blocks.cnf,6,SAT,nonmoving,164447920,37434736,16533120,0.026,0.070
data/satlib/Bejing/3blocks.cnf,7,SAT,nonmoving,164447920,37429992,15167656,0.036,0.090
data/satlib/Bejing/3blocks.cnf,8,SAT,nonmoving,164447920,37429992,15167656,0.023,0.074
data/satlib/Bejing/3blocks.cnf,9,SAT,nonmoving,164447920,37429992,15167656,0.027,0.073
data/satlib/Bejing/3blocks.cnf,10,SAT,nonmoving,164447920,37429992,15167656,0.023,0.072
data/satlib/Bejing/3blocks.cnf,11,SAT,nonmoving,164447920,37429992,15167656,0.023,0.061
data/satlib/Bejing/3blocks.cnf,12,SAT,nonmoving,164447920,37429992,15167656,0.023,0.059
data/satlib/Bejing/3blocks.cnf,13,SAT,nonmoving,164447920,37434896,16533280,0.024,0.070
data/satlib/Bejing/3blocks.cnf,14,SAT,nonmoving,164447920,37429992,15167656,0.023,0.060
data/satlib/Bejing/3blocks.cnf,15,SAT,nonmoving,164447920,37429992,15167656,0.034,0.095
data/satlib/Bejing/3blocks.cnf,16,SAT,nonmoving,164447920,37429992,15167656,0.022,0.061
data/satlib/Bejing/3blocks.cnf,17,SAT,nonmoving,164447920,37429992,15167656,0.023,0.071
data/satlib/Bejing/3blocks.cnf,18,SAT,nonmoving,164447920,37429992,15167656,0.023,0.072
data/satlib/Bejing/3blocks.cnf,19,SAT,nonmoving,164447920,37429992,15167656,0.038,0.103
data/satlib/Bejing/3blocks.cnf,20,SAT,nonmoving,164447920,37429992,15167656,0.023,0.074
data/satlib/Bejing/3blocks.cnf,21,SAT,nonmoving,164447920,37429992,15167656,0.023,0.059
workspace/tuning-corpus/all-binary-2-unsat.cnf,1,UNSAT,nonmoving,311360,6856,1067744,0.000,0.013
workspace/tuning-corpus/all-binary-2-unsat.cnf,2,UNSAT,nonmoving,311360,6856,1067744,0.000,0.013
workspace/tuning-corpus/all-binary-2-unsat.cnf,3,UNSAT,nonmoving,311360,6856,1067744,0.001,0.012
workspace/tuning-corpus/all-binary-2-unsat.cnf,4,UNSAT,nonmoving,311360,6856,1067744,0.000,0.011
workspace/tuning-corpus/all-binary-2-unsat.cnf,5,UNSAT,nonmoving,311360,6856,1067744,0.000,0.013
workspace/tuning-corpus/all-binary-2-unsat.cnf,6,UNSAT,nonmoving,311360,6856,1067744,0.001,0.011
workspace/tuning-corpus/all-binary-2-unsat.cnf,7,UNSAT,nonmoving,311360,6856,1067744,0.000,0.013
workspace/tuning-corpus/all-binary-2-unsat.cnf,8,UNSAT,nonmoving,311360,6856,1067744,0.000,0.013
workspace/tuning-corpus/all-binary-2-unsat.cnf,9,UNSAT,nonmoving,311360,6856,1067744,0.000,0.011
workspace/tuning-corpus/all-binary-2-unsat.cnf,10,UNSAT,nonmoving,311360,6856,1067744,0.000,0.013
workspace/tuning-corpus/all-binary-2-unsat.cnf,11,UNSAT,nonmoving,311360,6856,1067744,0.000,0.012
workspace/tuning-corpus/all-binary-2-unsat.cnf,12,UNSAT,nonmoving,311360,6856,1067744,0.000,0.013
workspace/tuning-corpus/all-binary-2-unsat.cnf,13,UNSAT,nonmoving,311360,6856,1067744,0.000,0.011
workspace/tuning-corpus/all-binary-2-unsat.cnf,14,UNSAT,nonmoving,311360,6856,1067744,0.000,0.012
workspace/tuning-corpus/all-binary-2-unsat.cnf,15,UNSAT,nonmoving,311360,6856,1067744,0.000,0.011
workspace/tuning-corpus/all-binary-2-unsat.cnf,16,UNSAT,nonmoving,311360,6856,1067744,0.000,0.013
workspace/tuning-corpus/all-binary-2-unsat.cnf,17,UNSAT,nonmoving,311360,6856,1067744,0.000,0.013
workspace/tuning-corpus/all-binary-2-unsat.cnf,18,UNSAT,nonmoving,311360,6856,1067744,0.000,0.012
workspace/tuning-corpus/all-binary-2-unsat.cnf,19,UNSAT,nonmoving,311360,6856,1067744,0.001,0.011
workspace/tuning-corpus/all-binary-2-unsat.cnf,20,UNSAT,nonmoving,311360,6856,1067744,0.000,0.013
workspace/tuning-corpus/all-binary-2-unsat.cnf,21,UNSAT,nonmoving,311360,6856,1067744,0.000,0.011
workspace/tuning-corpus/implication-chain-12-unsat.cnf,1,UNSAT,nonmoving,447664,7200,1067744,0.000,0.013
workspace/tuning-corpus/implication-chain-12-unsat.cnf,2,UNSAT,nonmoving,447664,7200,1067744,0.000,0.011
workspace/tuning-corpus/implication-chain-12-unsat.cnf,3,UNSAT,nonmoving,447664,7200,1067744,0.000,0.011
workspace/tuning-corpus/implication-chain-12-unsat.cnf,4,UNSAT,nonmoving,447664,7200,1067744,0.000,0.013
workspace/tuning-corpus/implication-chain-12-unsat.cnf,5,UNSAT,nonmoving,447664,7200,1067744,0.001,0.012
workspace/tuning-corpus/implication-chain-12-unsat.cnf,6,UNSAT,nonmoving,447664,7200,1067744,0.000,0.012
workspace/tuning-corpus/implication-chain-12-unsat.cnf,7,UNSAT,nonmoving,447664,7200,1067744,0.000,0.012
workspace/tuning-corpus/implication-chain-12-unsat.cnf,8,UNSAT,nonmoving,447664,7200,1067744,0.000,0.013
workspace/tuning-corpus/implication-chain-12-unsat.cnf,9,UNSAT,nonmoving,447664,7200,1067744,0.000,0.013
workspace/tuning-corpus/implication-chain-12-unsat.cnf,10,UNSAT,nonmoving,447664,7200,1067744,0.000,0.013
workspace/tuning-corpus/implication-chain-12-unsat.cnf,11,UNSAT,nonmoving,447664,7200,1067744,0.000,0.013
workspace/tuning-corpus/implication-chain-12-unsat.cnf,12,UNSAT,nonmoving,447664,7200,1067744,0.000,0.013
workspace/tuning-corpus/implication-chain-12-unsat.cnf,13,UNSAT,nonmoving,447664,7200,1067744,0.000,0.013
workspace/tuning-corpus/implication-chain-12-unsat.cnf,14,UNSAT,nonmoving,447664,7200,1067744,0.000,0.013
workspace/tuning-corpus/implication-chain-12-unsat.cnf,15,UNSAT,nonmoving,447664,7200,1067744,0.000,0.016
workspace/tuning-corpus/implication-chain-12-unsat.cnf,16,UNSAT,nonmoving,447664,7200,1067744,0.000,0.013
workspace/tuning-corpus/implication-chain-12-unsat.cnf,17,UNSAT,nonmoving,447664,7200,1067744,0.001,0.013
workspace/tuning-corpus/implication-chain-12-unsat.cnf,18,UNSAT,nonmoving,447664,7200,1067744,0.000,0.013
workspace/tuning-corpus/implication-chain-12-unsat.cnf,19,UNSAT,nonmoving,447664,7200,1067744,0.001,0.013
workspace/tuning-corpus/implication-chain-12-unsat.cnf,20,UNSAT,nonmoving,447664,7200,1067744,0.000,0.010
workspace/tuning-corpus/implication-chain-12-unsat.cnf,21,UNSAT,nonmoving,447664,7200,1067744,0.000,0.012
workspace/tuning-corpus/php-7-6-unsat.cnf,1,UNSAT,nonmoving,397161104,613032,1125456,0.053,0.058
workspace/tuning-corpus/php-7-6-unsat.cnf,2,UNSAT,nonmoving,397161104,613272,1125456,0.085,0.091
workspace/tuning-corpus/php-7-6-unsat.cnf,3,UNSAT,nonmoving,397161104,613032,1125456,0.051,0.060
workspace/tuning-corpus/php-7-6-unsat.cnf,4,UNSAT,nonmoving,397161104,614576,1125456,0.055,0.060
workspace/tuning-corpus/php-7-6-unsat.cnf,5,UNSAT,nonmoving,397161104,614576,1125456,0.062,0.070
workspace/tuning-corpus/php-7-6-unsat.cnf,6,UNSAT,nonmoving,397161104,613080,1125456,0.055,0.060
workspace/tuning-corpus/php-7-6-unsat.cnf,7,UNSAT,nonmoving,397161104,614560,1125456,0.054,0.061
workspace/tuning-corpus/php-7-6-unsat.cnf,8,UNSAT,nonmoving,397161104,614576,1125456,0.056,0.071
workspace/tuning-corpus/php-7-6-unsat.cnf,9,UNSAT,nonmoving,397161104,614504,1125456,0.053,0.060
workspace/tuning-corpus/php-7-6-unsat.cnf,10,UNSAT,nonmoving,397161104,614464,1125456,0.076,0.090
workspace/tuning-corpus/php-7-6-unsat.cnf,11,UNSAT,nonmoving,397161104,614576,1125456,0.055,0.061
workspace/tuning-corpus/php-7-6-unsat.cnf,12,UNSAT,nonmoving,397161104,614576,1125456,0.057,0.071
workspace/tuning-corpus/php-7-6-unsat.cnf,13,UNSAT,nonmoving,397161104,614576,1125456,0.053,0.061
workspace/tuning-corpus/php-7-6-unsat.cnf,14,UNSAT,nonmoving,397161104,614528,1125456,0.055,0.060
workspace/tuning-corpus/php-7-6-unsat.cnf,15,UNSAT,nonmoving,397161104,614576,1125456,0.055,0.059
workspace/tuning-corpus/php-7-6-unsat.cnf,16,UNSAT,nonmoving,397161104,614528,1125456,0.057,0.072
workspace/tuning-corpus/php-7-6-unsat.cnf,17,UNSAT,nonmoving,397161104,613008,1125456,0.054,0.063
workspace/tuning-corpus/php-7-6-unsat.cnf,18,UNSAT,nonmoving,397161104,613472,1125456,0.054,0.064
workspace/tuning-corpus/php-7-6-unsat.cnf,19,UNSAT,nonmoving,397161104,614560,1125456,0.052,0.063
workspace/tuning-corpus/php-7-6-unsat.cnf,20,UNSAT,nonmoving,397161104,614464,1125456,0.065,0.071
workspace/tuning-corpus/php-7-6-unsat.cnf,21,UNSAT,nonmoving,397161104,614576,1125456,0.087,0.096
data/satlib/uf20-91/uf20-01.cnf,1,SAT,copying,1441600,4000,61480,0.001,0.013
data/satlib/uf20-91/uf20-01.cnf,2,SAT,copying,1441600,4000,61480,0.001,0.012
data/satlib/uf20-91/uf20-01.cnf,3,SAT,copying,1441600,4000,61480,0.001,0.010
data/satlib/uf20-91/uf20-01.cnf,4,SAT,copying,1441600,4000,61480,0.001,0.011
data/satlib/uf20-91/uf20-01.cnf,5,SAT,copying,1441600,4000,61480,0.001,0.013
data/satlib/uf20-91/uf20-01.cnf,6,SAT,copying,1441600,4000,61480,0.001,0.013
data/satlib/uf20-91/uf20-01.cnf,7,SAT,copying,1441600,4000,61480,0.000,0.013
data/satlib/uf20-91/uf20-01.cnf,8,SAT,copying,1441600,4000,61480,0.001,0.013
data/satlib/uf20-91/uf20-01.cnf,9,SAT,copying,1441600,4000,61480,0.001,0.012
data/satlib/uf20-91/uf20-01.cnf,10,SAT,copying,1441600,4000,61480,0.001,0.010
data/satlib/uf20-91/uf20-01.cnf,11,SAT,copying,1441600,4000,61480,0.001,0.012
data/satlib/uf20-91/uf20-01.cnf,12,SAT,copying,1441600,4000,61480,0.001,0.012
data/satlib/uf20-91/uf20-01.cnf,13,SAT,copying,1441600,4000,61480,0.001,0.013
data/satlib/uf20-91/uf20-01.cnf,14,SAT,copying,1441600,4000,61480,0.000,0.013
data/satlib/uf20-91/uf20-01.cnf,15,SAT,copying,1441600,4000,61480,0.001,0.013
data/satlib/uf20-91/uf20-01.cnf,16,SAT,copying,1441600,4000,61480,0.000,0.013
data/satlib/uf20-91/uf20-01.cnf,17,SAT,copying,1441600,4000,61480,0.001,0.012
data/satlib/uf20-91/uf20-01.cnf,18,SAT,copying,1441600,4000,61480,0.001,0.012
data/satlib/uf20-91/uf20-01.cnf,19,SAT,copying,1441600,4000,61480,0.001,0.012
data/satlib/uf20-91/uf20-01.cnf,20,SAT,copying,1441600,4000,61480,0.001,0.012
data/satlib/uf20-91/uf20-01.cnf,21,SAT,copying,1441600,4000,61480,0.001,0.011
data/satlib/uf100-430/uf100-01.cnf,1,SAT,copying,142861920,559008,192328,0.019,0.025
data/satlib/uf100-430/uf100-01.cnf,2,SAT,copying,142861920,559584,192328,0.021,0.034
data/satlib/uf100-430/uf100-01.cnf,3,SAT,copying,142861920,559008,192328,0.021,0.025
data/satlib/uf100-430/uf100-01.cnf,4,SAT,copying,142861920,559656,192328,0.022,0.034
data/satlib/uf100-430/uf100-01.cnf,5,SAT,copying,142861920,559584,192328,0.019,0.023
data/satlib/uf100-430/uf100-01.cnf,6,SAT,copying,142861920,559584,192328,0.021,0.023
data/satlib/uf100-430/uf100-01.cnf,7,SAT,copying,142861920,558960,192328,0.020,0.024
data/satlib/uf100-430/uf100-01.cnf,8,SAT,copying,142861920,558808,192328,0.025,0.035
data/satlib/uf100-430/uf100-01.cnf,9,SAT,copying,142861920,559560,192328,0.020,0.022
data/satlib/uf100-430/uf100-01.cnf,10,SAT,copying,142861920,559008,192328,0.026,0.038
data/satlib/uf100-430/uf100-01.cnf,11,SAT,copying,142861920,559512,192328,0.020,0.024
data/satlib/uf100-430/uf100-01.cnf,12,SAT,copying,142861920,559576,192328,0.022,0.025
data/satlib/uf100-430/uf100-01.cnf,13,SAT,copying,142861920,559008,192328,0.019,0.023
data/satlib/uf100-430/uf100-01.cnf,14,SAT,copying,142861920,559576,192328,0.021,0.025
data/satlib/uf100-430/uf100-01.cnf,15,SAT,copying,142861920,559920,192328,0.020,0.025
data/satlib/uf100-430/uf100-01.cnf,16,SAT,copying,142861920,559576,192328,0.021,0.025
data/satlib/uf100-430/uf100-01.cnf,17,SAT,copying,142861920,558960,192328,0.020,0.024
data/satlib/uf100-430/uf100-01.cnf,18,SAT,copying,142861920,559008,192328,0.020,0.025
data/satlib/uf100-430/uf100-01.cnf,19,SAT,copying,142861920,559584,192328,0.021,0.025
data/satlib/uf100-430/uf100-01.cnf,20,SAT,copying,142861920,559672,192328,0.027,0.037
data/satlib/uf100-430/uf100-01.cnf,21,SAT,copying,142861920,559040,192328,0.020,0.023
data/satlib/flat200-479/flat200-1.cnf,1,SAT,copying,217212144,5461136,1434880,0.030,0.046
data/satlib/flat200-479/flat200-1.cnf,2,SAT,copying,217212144,5462456,1434880,0.032,0.049
data/satlib/flat200-479/flat200-1.cnf,3,SAT,copying,217212144,5461136,1434880,0.029,0.037
data/satlib/flat200-479/flat200-1.cnf,4,SAT,copying,217212144,5462424,1434880,0.032,0.046
data/satlib/flat200-479/flat200-1.cnf,5,SAT,copying,217212144,5462424,1434880,0.030,0.036
data/satlib/flat200-479/flat200-1.cnf,6,SAT,copying,217212144,5463392,1434880,0.030,0.036
data/satlib/flat200-479/flat200-1.cnf,7,SAT,copying,217212144,5461136,1434880,0.029,0.037
data/satlib/flat200-479/flat200-1.cnf,8,SAT,copying,217212144,5461136,1434880,0.032,0.038
data/satlib/flat200-479/flat200-1.cnf,9,SAT,copying,217212144,5462424,1434880,0.030,0.036
data/satlib/flat200-479/flat200-1.cnf,10,SAT,copying,217212144,5461136,1434880,0.043,0.058
data/satlib/flat200-479/flat200-1.cnf,11,SAT,copying,217212144,5463392,1434880,0.029,0.036
data/satlib/flat200-479/flat200-1.cnf,12,SAT,copying,217212144,5461136,1434880,0.033,0.045
data/satlib/flat200-479/flat200-1.cnf,13,SAT,copying,217212144,5461136,1434880,0.029,0.036
data/satlib/flat200-479/flat200-1.cnf,14,SAT,copying,217212144,5462424,1434880,0.032,0.037
data/satlib/flat200-479/flat200-1.cnf,15,SAT,copying,217212144,5461136,1434880,0.029,0.035
data/satlib/flat200-479/flat200-1.cnf,16,SAT,copying,217212144,5461136,1434880,0.032,0.048
data/satlib/flat200-479/flat200-1.cnf,17,SAT,copying,217212144,5461136,1434880,0.031,0.048
data/satlib/flat200-479/flat200-1.cnf,18,SAT,copying,217212144,5461488,1434880,0.034,0.050
data/satlib/flat200-479/flat200-1.cnf,19,SAT,copying,217212144,5464112,1434880,0.029,0.037
data/satlib/flat200-479/flat200-1.cnf,20,SAT,copying,217212144,5463392,1434880,0.032,0.047
data/satlib/flat200-479/flat200-1.cnf,21,SAT,copying,217212144,5461136,1434880,0.030,0.038
data/satlib/Bejing/3blocks.cnf,1,SAT,copying,164447920,46809368,4993696,0.023,0.050
data/satlib/Bejing/3blocks.cnf,2,SAT,copying,164447920,46807416,5000096,0.025,0.049
data/satlib/Bejing/3blocks.cnf,3,SAT,copying,164447920,46809160,4993696,0.022,0.048
data/satlib/Bejing/3blocks.cnf,4,SAT,copying,164447920,46807024,4992936,0.028,0.060
data/satlib/Bejing/3blocks.cnf,5,SAT,copying,164447920,46809368,4993696,0.023,0.049
data/satlib/Bejing/3blocks.cnf,6,SAT,copying,164447920,46804416,4992936,0.023,0.046
data/satlib/Bejing/3blocks.cnf,7,SAT,copying,164447920,46805112,4992936,0.023,0.047
data/satlib/Bejing/3blocks.cnf,8,SAT,copying,164447920,46807024,4992936,0.024,0.045
data/satlib/Bejing/3blocks.cnf,9,SAT,copying,164447920,46801440,4992360,0.029,0.060
data/satlib/Bejing/3blocks.cnf,10,SAT,copying,164447920,46807024,4992936,0.023,0.050
data/satlib/Bejing/3blocks.cnf,11,SAT,copying,164447920,46807024,4992936,0.024,0.046
data/satlib/Bejing/3blocks.cnf,12,SAT,copying,164447920,46801376,4992360,0.022,0.048
data/satlib/Bejing/3blocks.cnf,13,SAT,copying,164447920,46809232,4993696,0.022,0.050
data/satlib/Bejing/3blocks.cnf,14,SAT,copying,164447920,46807024,4992936,0.022,0.044
data/satlib/Bejing/3blocks.cnf,15,SAT,copying,164447920,46807024,4992936,0.022,0.048
data/satlib/Bejing/3blocks.cnf,16,SAT,copying,164447920,46807024,4992936,0.022,0.050
data/satlib/Bejing/3blocks.cnf,17,SAT,copying,164447920,46807024,4992936,0.023,0.048
data/satlib/Bejing/3blocks.cnf,18,SAT,copying,164447920,46807024,4992936,0.021,0.049
data/satlib/Bejing/3blocks.cnf,19,SAT,copying,164447920,46807024,4992936,0.023,0.049
data/satlib/Bejing/3blocks.cnf,20,SAT,copying,164447920,46807024,4992936,0.022,0.048
data/satlib/Bejing/3blocks.cnf,21,SAT,copying,164447920,46809232,4993696,0.026,0.050
workspace/tuning-corpus/all-binary-2-unsat.cnf,1,UNSAT,copying,311360,3832,53096,0.000,0.013
workspace/tuning-corpus/all-binary-2-unsat.cnf,2,UNSAT,copying,311360,3832,53096,0.000,0.013
workspace/tuning-corpus/all-binary-2-unsat.cnf,3,UNSAT,copying,311360,3832,53096,0.000,0.012
workspace/tuning-corpus/all-binary-2-unsat.cnf,4,UNSAT,copying,311360,3832,53096,0.000,0.013
workspace/tuning-corpus/all-binary-2-unsat.cnf,5,UNSAT,copying,311360,3832,53096,0.000,0.011
workspace/tuning-corpus/all-binary-2-unsat.cnf,6,UNSAT,copying,311360,3832,53096,0.000,0.013
workspace/tuning-corpus/all-binary-2-unsat.cnf,7,UNSAT,copying,311360,3832,53096,0.000,0.013
workspace/tuning-corpus/all-binary-2-unsat.cnf,8,UNSAT,copying,311360,3832,53096,0.000,0.011
workspace/tuning-corpus/all-binary-2-unsat.cnf,9,UNSAT,copying,311360,3832,53096,0.000,0.013
workspace/tuning-corpus/all-binary-2-unsat.cnf,10,UNSAT,copying,311360,3832,53096,0.000,0.010
workspace/tuning-corpus/all-binary-2-unsat.cnf,11,UNSAT,copying,311360,3832,53096,0.000,0.012
workspace/tuning-corpus/all-binary-2-unsat.cnf,12,UNSAT,copying,311360,3832,53096,0.001,0.013
workspace/tuning-corpus/all-binary-2-unsat.cnf,13,UNSAT,copying,311360,3832,53096,0.000,0.013
workspace/tuning-corpus/all-binary-2-unsat.cnf,14,UNSAT,copying,311360,3832,53096,0.000,0.013
workspace/tuning-corpus/all-binary-2-unsat.cnf,15,UNSAT,copying,311360,3832,53096,0.001,0.013
workspace/tuning-corpus/all-binary-2-unsat.cnf,16,UNSAT,copying,311360,3832,53096,0.000,0.013
workspace/tuning-corpus/all-binary-2-unsat.cnf,17,UNSAT,copying,311360,3832,53096,0.000,0.010
workspace/tuning-corpus/all-binary-2-unsat.cnf,18,UNSAT,copying,311360,3832,53096,0.000,0.013
workspace/tuning-corpus/all-binary-2-unsat.cnf,19,UNSAT,copying,311360,3832,53096,0.000,0.011
workspace/tuning-corpus/all-binary-2-unsat.cnf,20,UNSAT,copying,311360,3832,53096,0.000,0.012
workspace/tuning-corpus/all-binary-2-unsat.cnf,21,UNSAT,copying,311360,3832,53096,0.000,0.012
workspace/tuning-corpus/implication-chain-12-unsat.cnf,1,UNSAT,copying,447664,3832,53096,0.000,0.011
workspace/tuning-corpus/implication-chain-12-unsat.cnf,2,UNSAT,copying,447664,3832,53096,0.000,0.013
workspace/tuning-corpus/implication-chain-12-unsat.cnf,3,UNSAT,copying,447664,3832,53096,0.000,0.013
workspace/tuning-corpus/implication-chain-12-unsat.cnf,4,UNSAT,copying,447664,3832,53096,0.000,0.013
workspace/tuning-corpus/implication-chain-12-unsat.cnf,5,UNSAT,copying,447664,3832,53096,0.000,0.011
workspace/tuning-corpus/implication-chain-12-unsat.cnf,6,UNSAT,copying,447664,3832,53096,0.000,0.013
workspace/tuning-corpus/implication-chain-12-unsat.cnf,7,UNSAT,copying,447664,3832,53096,0.000,0.013
workspace/tuning-corpus/implication-chain-12-unsat.cnf,8,UNSAT,copying,447664,3832,53096,0.000,0.011
workspace/tuning-corpus/implication-chain-12-unsat.cnf,9,UNSAT,copying,447664,3832,53096,0.000,0.013
workspace/tuning-corpus/implication-chain-12-unsat.cnf,10,UNSAT,copying,447664,3832,53096,0.000,0.013
workspace/tuning-corpus/implication-chain-12-unsat.cnf,11,UNSAT,copying,447664,3832,53096,0.000,0.013
workspace/tuning-corpus/implication-chain-12-unsat.cnf,12,UNSAT,copying,447664,3832,53096,0.000,0.012
workspace/tuning-corpus/implication-chain-12-unsat.cnf,13,UNSAT,copying,447664,3832,53096,0.000,0.013
workspace/tuning-corpus/implication-chain-12-unsat.cnf,14,UNSAT,copying,447664,3832,53096,0.000,0.011
workspace/tuning-corpus/implication-chain-12-unsat.cnf,15,UNSAT,copying,447664,3832,53096,0.000,0.013
workspace/tuning-corpus/implication-chain-12-unsat.cnf,16,UNSAT,copying,447664,3832,53096,0.000,0.011
workspace/tuning-corpus/implication-chain-12-unsat.cnf,17,UNSAT,copying,447664,3832,53096,0.000,0.011
workspace/tuning-corpus/implication-chain-12-unsat.cnf,18,UNSAT,copying,447664,3832,53096,0.000,0.013
workspace/tuning-corpus/implication-chain-12-unsat.cnf,19,UNSAT,copying,447664,3832,53096,0.000,0.013
workspace/tuning-corpus/implication-chain-12-unsat.cnf,20,UNSAT,copying,447664,3832,53096,0.000,0.011
workspace/tuning-corpus/implication-chain-12-unsat.cnf,21,UNSAT,copying,447664,3832,53096,0.000,0.013
workspace/tuning-corpus/php-7-6-unsat.cnf,1,UNSAT,copying,397161104,616800,115504,0.048,0.058
workspace/tuning-corpus/php-7-6-unsat.cnf,2,UNSAT,copying,397161104,616800,115504,0.048,0.060
workspace/tuning-corpus/php-7-6-unsat.cnf,3,UNSAT,copying,397161104,616800,115504,0.048,0.061
workspace/tuning-corpus/php-7-6-unsat.cnf,4,UNSAT,copying,397161104,615232,115504,0.049,0.057
workspace/tuning-corpus/php-7-6-unsat.cnf,5,UNSAT,copying,397161104,615200,115504,0.048,0.063
workspace/tuning-corpus/php-7-6-unsat.cnf,6,UNSAT,copying,397161104,615464,115504,0.051,0.061
workspace/tuning-corpus/php-7-6-unsat.cnf,7,UNSAT,copying,397161104,616800,115504,0.066,0.088
workspace/tuning-corpus/php-7-6-unsat.cnf,8,UNSAT,copying,397161104,616800,115504,0.062,0.071
workspace/tuning-corpus/php-7-6-unsat.cnf,9,UNSAT,copying,397161104,616800,115504,0.051,0.060
workspace/tuning-corpus/php-7-6-unsat.cnf,10,UNSAT,copying,397161104,616800,115504,0.051,0.057
workspace/tuning-corpus/php-7-6-unsat.cnf,11,UNSAT,copying,397161104,615200,115504,0.050,0.059
workspace/tuning-corpus/php-7-6-unsat.cnf,12,UNSAT,copying,397161104,615232,115504,0.079,0.087
workspace/tuning-corpus/php-7-6-unsat.cnf,13,UNSAT,copying,397161104,616800,115504,0.060,0.073
workspace/tuning-corpus/php-7-6-unsat.cnf,14,UNSAT,copying,397161104,615232,115504,0.050,0.059
workspace/tuning-corpus/php-7-6-unsat.cnf,15,UNSAT,copying,397161104,616800,115504,0.049,0.058
workspace/tuning-corpus/php-7-6-unsat.cnf,16,UNSAT,copying,397161104,613392,105712,0.097,0.109
workspace/tuning-corpus/php-7-6-unsat.cnf,17,UNSAT,copying,397161104,616800,115504,0.055,0.060
workspace/tuning-corpus/php-7-6-unsat.cnf,18,UNSAT,copying,397161104,616800,115504,0.055,0.060
workspace/tuning-corpus/php-7-6-unsat.cnf,19,UNSAT,copying,397161104,616800,115504,0.071,0.081
workspace/tuning-corpus/php-7-6-unsat.cnf,20,UNSAT,copying,397161104,616800,115504,0.054,0.059
workspace/tuning-corpus/php-7-6-unsat.cnf,21,UNSAT,copying,397161104,616800,115504,0.050,0.058
